LastLogin_Date,Count +
2016-04-13,16129
2016-04-14,11420
2016-04-15,12025
2016-04-16,11916
2016-04-17,12282
2016-04-18,4570
2016-04-19,22992
2016-04-20,16215
2016-04-21,13995
2016-04-22,13252
2016-04-23,13466
2016-04-24,12836
2016-04-25,5307
2016-04-26,24159
2016-04-27,20437
2016-04-28,12065
2016-04-29,17993
2016-04-30,11975
2016-05-01,12692
2016-05-02,5646
2016-05-03,30632
2016-05-04,17083
2016-05-05,13079
2016-05-06,17926
2016-05-07,12570
2016-05-08,15296
2016-05-09,5202
2016-05-10,29754
2016-05-11,17143
2016-05-12,15153
2016-05-13,15201
2016-05-14,12349
2016-05-15,11312
2016-05-16,6047
2016-05-17,29658
2016-05-18,20819
2016-05-19,15537
2016-05-20,16467
2016-05-21,13750
2016-05-22,14521
2016-05-23,5497
2016-05-24,28086
2016-05-25,19596
2016-05-26,11970
2016-05-27,25264
2016-05-28,13743
2016-05-29,16736
2016-05-30,6546
2016-05-31,28280
2016-06-01,19743
2016-06-02,16356
2016-06-03,16276
2016-06-04,25764
2016-06-05,18228
2016-06-06,7866
2016-06-07,31637
2016-06-08,21612
2016-06-09,17407
2016-06-10,16420
2016-06-11,26297
2016-06-12,17897
2016-06-13,7403
2016-06-14,29407
2016-06-15,21664
2016-06-16,19013
2016-06-17,33565
2016-06-18,16747
2016-06-19,16995
2016-06-20,8230
2016-06-21,29041
2016-06-22,22740
2016-06-23,17251
2016-06-24,29728
2016-06-25,18481
2016-06-26,17487
2016-06-27,8125
2016-06-28,26763
2016-06-29,22318
2016-06-30,19087
2016-07-01,32556
2016-07-02,19553
2016-07-03,15974
2016-07-04,8381
2016-07-05,30070
2016-07-06,26018
2016-07-07,13763
2016-07-08,30080
2016-07-09,20480
2016-07-10,14218
2016-07-11,7108
2016-07-12,29013
2016-07-13,24511
2016-07-14,18924
2016-07-15,34009
2016-07-16,20438
2016-07-17,17244
2016-07-18,8737
2016-07-19,33381
2016-07-20,26282
2016-07-21,20997
2016-07-22,37738
2016-07-23,24256
2016-07-24,19053
2016-07-25,8917
2016-07-26,33032
2016-07-27,25957
2016-07-28,21957
2016-07-29,32283
2016-07-30,21657
2016-07-31,18924
2016-08-01,10686
2016-08-02,35504
2016-08-03,27848
2016-08-04,24925
2016-08-05,39203
2016-08-06,22744
2016-08-07,17832
2016-08-08,9231
2016-08-09,39594
2016-08-10,29021
2016-08-11,23518
2016-08-12,42952
2016-08-13,23313
2016-08-14,17514
2016-08-15,8261
2016-08-16,22204
2016-08-17,26571
2016-08-18,17667
2016-08-19,27658
2016-08-20,22058
2016-08-21,20250
2016-08-22,9729
2016-08-23,35790
2016-08-24,30126
2016-08-25,23640
2016-08-26,42166
2016-08-27,28114
2016-08-28,22220
2016-08-29,12872
2016-08-30,42477
2016-08-31,33349
2016-09-01,21757
2016-09-02,46520
2016-09-03,28664
2016-09-04,23813
2016-09-05,11162
2016-09-06,38912
2016-09-07,35515
2016-09-08,27410
2016-09-09,55720
2016-09-10,29971
2016-09-11,27364
2016-09-12,13963
2016-09-13,50126
2016-09-14,39365
2016-09-15,27181
2016-09-16,57095
2016-09-17,31251
2016-09-18,26542
2016-09-19,15168
2016-09-20,59119
2016-09-21,40624
2016-09-22,31164
2016-09-23,68223
2016-09-24,38823
2016-09-25,32392
2016-09-26,17927
2016-09-27,74675
2016-09-28,50705
2016-09-29,41939
2016-09-30,80263
2016-10-01,40481
2016-10-02,36219
2016-10-03,19947
2016-10-04,88880
2016-10-05,63635
2016-10-06,46259
2016-10-07,118003
2016-10-08,65163
2016-10-09,56869
2016-10-10,30143
2016-10-11,129914
2016-10-12,77595
2016-10-13,85583
