JobId,count
3638746,4891
3626099,11362
3529771,8193
3695559,658
3680593,1690
3626189,906
3452087,1489
3680361,1053
3690829,62
3668353,3925
3695903,175
3605689,351
3552877,3282
3689681,3894
3673483,846
3639835,1480
3702329,3209
3696811,83091
3696907,724
2284301,3487
3660165,1315
3584947,190
2030839,6866
3697047,84289
3694767,168
3686445,2280
3532427,6092
3645753,1045
3557911,1009
3550523,5842
3680343,434
3544689,1875
3666925,1485
3579999,409
1930885,16039
3673071,2988
3532267,1231
3624829,2272
3525407,3537
3618585,325
3115361,1862
3639663,3976
3562511,444
3639397,402
3552887,1110
3695279,1142
3452109,3540
3697063,5765
3661495,234
3558129,3318
3550533,1526
2030809,17432
3626081,2015
3661493,393
3689165,2280
3696179,206
3679179,419
3268225,4223
3532387,2927
3690199,6538
3654917,3050
3703359,618
3661087,2907
3687643,2253
3689135,16224
3709717,2991
3532345,2626
3532341,5660
3558745,18172
3661893,3113
3525627,2966
3689227,55
3693125,152
3558797,1003
3633107,1061
3618713,2471
3606091,1299
3631067,2272
3177793,10461
3640025,618
3698157,226
3695433,2545
3577399,2735
3668341,4821
3557901,3975
3710447,12541
3550791,9203
3633551,1106
3558351,801
3701921,3180
3687419,2145
3695701,84
3605905,2039
3710807,8379
3615251,3610
3530219,5159
3532235,2943
3623963,3860
3694251,221
3696601,2365
3544613,1564
3673093,516
3532311,1300
3610941,2555
3660191,16110
3552785,4380
3710845,1870
3668661,295
3579005,709
3679479,1027
3710935,4033
3711011,2434
3558349,1109
3559679,7219
3531157,951
3625137,1168
3617333,1282
3532407,1671
3532363,1847
3532401,3167
3694317,247
3646137,398
3559535,990
3703375,1547
3532359,2196
3694303,163
3552489,1732
3637913,1552
3702479,713
3660031,336
3532245,1058
3550745,186
3694011,852
3694963,303
3688345,1078
3668681,357
3639795,165
3702741,356
2728019,3353
3557909,1233
3691405,268
3532393,1179
3689619,437
3693225,450
3693425,105
3695815,769
3693845,66
3557905,1549
3532241,1102
3500005,315
3615503,968
3618613,229
3697375,295
3709601,231
3661563,355
3626705,1088
3532437,1369
3619429,205
3696057,713
3682003,676
3696189,1541
3668363,3098
3709749,19206
3689503,134
3590603,1558
3705681,726
3531147,1538
3393983,521
3533775,2609
3545313,1148
3703407,2955
3257937,153
3532247,903
3639665,4469
3711085,3548
3617099,1520
3689219,3101
3692007,610
3668101,741
3591993,4198
3694311,176
3701221,748
3544911,32147
3711317,374
3668081,4552
3456521,1153
3600633,1170
3599819,437
3691659,134
3563415,3286
3680719,456
3691995,130
3672923,3636
3691047,280
3691623,110
3688477,88
3388401,1149
3523415,15069
3558205,948
3703977,1446
3689349,80
3552771,8873
3585009,112
3532239,1127
3705593,302
3099303,1688
3693601,124
3701799,4485
3679651,193
3646351,872
3695351,4196
3709421,4804
3689925,674
3702963,3488
3696959,1140
3626355,1033
3702843,3295
3693205,254
3696781,8999
3545737,2066
3689331,144
3688951,1991
3532331,494
3558287,5768
3693407,124
3605231,1140
3697831,255
3698721,245
3015675,725
3599789,1962
3687229,1699
3697795,2708
3707723,229
3694315,258
3558759,13453
3626589,2889
3689491,3813
3673212,495
2671819,3720
3618579,164
3532107,945
3532233,889
3699669,688
3688833,121
3695831,710
3610227,375
3525787,6691
3557903,1073
3706951,112
3710925,855
3521953,328
3655807,4943
3708893,948
3627139,963
3690779,140
3680563,557
3558347,343
3695047,371
3618929,2167
3701699,451
3532353,1956
3531155,886
3086985,1544
3694283,67
3661979,334
3692513,66
3690575,1307
2994799,2090
3652893,1109
3702651,7848
3599825,236
3680059,12901
3624859,650
3701197,771
3701905,371
3538763,1793
3558233,10
2432309,2284
3693395,122
3690267,26
3559007,263
2727997,8382
3688037,64
3594203,81
3690245,264
3638583,1056
3693569,1036
3694309,209
3693661,66
3604227,4624
3578109,20737
3673677,858
3646567,999
3652865,1320
3625793,598
3702909,668
3644695,1156
3461865,7209
3600733,7357
3583499,506
3644433,6237
3699567,2873
2994817,1258
3580379,357
3693349,167
3645503,752
3500087,168
3627917,2222
3692431,178
3703313,2270
3529867,2169
3710977,1802
3703771,2344
3699937,3677
3673197,387
3703063,1113
3689501,59
3693895,85
3692935,482
3185107,357
3695941,105
3702095,1289
3702397,2322
3693643,204
3532343,1812
2284475,929
3689599,249
3701183,560
3699725,234
3689141,46
3532325,648
3637957,381
3706343,304
3689605,354
3689433,702
3697293,159
3564071,229
3672781,3335
3692971,88
3532317,588
3693073,82
3692097,174
3700243,375
3693145,88
3694863,50
3686297,2977
3694845,395
3600747,5101
3600795,6696
3691431,142
3532105,1121
3688715,1240
3586699,1669
3615441,367
3532315,620
3673649,862
3564879,459
3695883,497
3639203,883
3709699,2447
3691409,134
3603207,4931
3694219,239
3689929,207
3697453,406
3701333,114
3688701,281
3661507,854
3694775,53
3690941,186
3529725,6712
3698483,134
3653693,755
3695885,165
3695465,1244
2334585,1342
3703445,1878
3101051,1500
3700993,7629
3530599,2852
3711837,1556
3645489,278
3695229,550
3686549,1253
3693391,26
3682243,13014
3706829,47
3691965,188
3578973,1247
3680429,804
3550535,909
3653351,316
3655877,334
3694975,136
3618335,382
2994765,847
3696331,452
3701511,167
3693433,160
3035815,615
3696537,2241
3680025,2017
3695735,68
3709379,388
3655483,1511
3690179,151
3687709,408
3578413,92
3692225,42
3705651,136
3654329,1696
3703051,315
3694207,104
3691271,118
2534693,1619
3696851,1327
3089281,3422
3711373,437
3551139,2253
3695773,2734
3696281,134
3700811,410
3709173,95
3698353,112
3687639,452
3679615,5277
3703031,1906
3653659,280
3646355,582
3701865,384
3653849,2717
3699593,1925
3086915,2441
1788991,958
3697645,224
3038055,885
3632119,1415
3687655,2278
3521965,448
3695425,423
3705517,110
3611173,170
3689001,1235
3532323,465
3701899,664
3532687,1035
3693819,199
3693155,117
3225121,1236
3681313,34
3577303,3134
3706625,150
3712607,2068
3706025,470
3696341,64
3707261,286
3700585,221
3688279,1338
3086943,1843
3679187,2802
3644561,679
3605967,11502
3709599,344
3696011,763
3696825,1701
3645389,405
3694261,487
3702717,1366
3703925,1116
3703651,424
3530593,1861
3703659,127
3697735,680
3691091,420
3626125,4015
3693623,88
3697835,183
3695373,359
3532321,431
3703825,3325
3513219,998
3687579,2445
3268317,612
3688967,149
3698415,688
3689457,3381
3644417,4171
3550755,4013
3617443,1969
3691545,86
3660989,1532
3694841,56
3604529,428
3700133,176
3689611,63
3703979,1182
3690929,2122
3461867,4632
3699435,247
3703433,1352
3701255,243
3699643,2227
3686735,644
3687669,490
3584965,371
3701235,252
3691513,128
3692279,39
3698417,568
3688845,697
3691869,54
3710451,176
3639211,1635
3702979,4117
3699583,2693
3699097,669
3709143,293
3101055,1493
3577241,3389
3688669,315
3695027,222
3692139,243
3703399,184
3705967,232
3688555,390
3689455,940
3703643,168
3693743,156
3645867,482
3532349,2130
3674489,2124
3697545,335
3618563,492
3703723,54
3699629,2829
3659675,557
3532319,547
3693133,190
3708745,41
3571481,403
3699159,1042
3687677,1243
3617973,63
3657149,1705
3696039,1619
3668253,3546
3680729,2470
3694631,230
3704091,678
3691567,106
3703340,2863
3689127,33
3703589,250
2019275,2700
3605943,21708
3571757,474
3708491,1111
3695555,549
3686487,603
3693337,41
3695877,2615
3712443,8331
3645951,1479
3685765,5194
3682087,3551
3564375,3183
3698675,116
3605257,110
3633469,3571
3654993,987
3706729,587
3695531,160
3563405,540
2788585,5803
3712830,11241
3699745,5161
3690713,61
3697947,128
3691487,334
3709293,285
3690531,107
3708571,380
3692857,251
3689413,2138
3703947,109
3522645,450
3697677,182
3701433,104
3702719,153
3688451,97
3694249,29
3699381,3369
3703891,421
3466701,883
3696277,330
3585989,852
3667085,1209
3709595,209
3470023,551
3660017,572
3668567,1509
3693101,505
3696361,2699
3708429,185
3492351,154
3709297,241
3251191,361
3694899,44
3693451,76
3710203,336
3706033,190
3653355,1652
3525217,172
3558741,151
3600153,2770
3538371,348
3626343,3215
3618767,428
3690485,902
3553075,371
3672203,1217
3695561,207
3702395,583
3524915,387
3693429,168
3690641,42
3706423,26
3708827,147
3604669,18526
3070203,272
3697563,111
3674304,2249
3700265,102
3698891,121
3690455,1042
3695079,197
3638949,1633
3705835,71
3692293,122
3700089,583
3647537,6404
3529727,1599
3655477,3693
3638311,162
3686962,239
3695077,599
3711203,11383
3697777,110
3699769,611
3689347,14
3693659,343
3691367,336
3686719,150
3682219,858
3693427,37
3687913,931
3693091,64
3498749,3862
3697801,227
3703965,73
3696809,620
3682171,89
3681953,484
3577217,4057
3698091,1022
3700123,649
3705507,110
3699225,763
2566805,8835
3699757,800
3691507,180
3690887,135
3703281,518
3702663,554
3710213,219
3696085,288
3689363,63
3686235,546
3692559,217
3569981,260
3692187,774
3691407,139
3647117,1535
3708853,13814
3687771,645
3705179,83
3605043,437
3661857,2092
3698195,1901
3361477,6488
3184625,507
3545181,701
3696543,4896
3698955,212
3668127,309
3701989,400
3702667,3831
3700287,501
3689277,183
3689067,1434
3705865,116
3709369,1477
3702685,4356
3697913,85
3707671,309
3693083,188
3690541,146
3653501,983
3660999,28
3690903,1463
3681909,639
3638211,4687
3711064,174
2007889,2440
3692203,394
3691285,299
3578113,1471
3699587,2333
3579635,357
3694313,194
3693669,139
3693741,97
3697531,215
3691349,43
3693303,162
2994785,1836
3617953,184
3563741,1070
3680519,1391
3616257,50
3532313,502
3603807,143
3710043,4606
3693831,59
3710085,624
3557637,129
3696553,1876
3698411,165
3699061,163
3706743,76
3611117,2876
3709235,1887
3680453,577
3668029,3570
3710471,3155
3711627,652
3688871,745
3707263,195
3695501,85
3702611,183
3704735,395
3690827,40
3681213,5178
3625339,517
3705565,287
3691509,170
3702735,1334
3545001,2830
3700211,777
3687423,1639
3697767,250
3647055,5336
3538583,228
3603761,7113
3693695,127
1758907,2492
3691695,41
3705585,57
3422917,344
3695315,258
3709531,272
3711831,1917
3710385,5311
3702945,275
3709375,73
3692375,49
3430817,1629
3687919,1534
3693367,92
3693617,340
3706401,223
3697223,162
3691089,203
3646381,883
3616801,1314
3590487,1125
3692023,75
3673051,1840
3710777,1568
3690669,99
3693805,277
3705637,70
3690593,325
3707173,62
3689125,148
3691235,25
3692593,287
3696509,1206
3566155,1424
3697635,328
3705683,396
3115705,1227
3692411,31
3696421,92
3366629,3096
3690313,121
3694255,169
3461875,1979
3689095,314
3699387,2394
3709463,69
3706409,122
3691491,178
3701813,654
3698125,499
3696453,2147
3693461,77
3701681,250
3692155,79
3703849,77
3692919,24
3695757,29
3712393,7818
3512019,1366
3680857,110
3693365,52
3701429,343
3703271,455
3590293,5552
3702791,1213
3706967,59
3701863,1277
3692657,149
3707403,134
3660913,2284
3710371,2428
3696887,1563
3694627,293
3709607,45
3691389,79
2868129,594
3702401,957
3341707,3686
3689093,82
3693063,308
3701979,427
3578225,952
3699047,186
3688657,100
3700073,753
3089273,2887
3695881,98
3697307,202
3690399,856
3691043,879
3693591,80
3689853,1188
3706129,112
3632757,638
3700107,1224
3499678,190
3703089,390
3709337,38
3696267,97
3696503,189
3626575,1774
3697389,255
3707209,280
3525121,1489
3699969,82
3697841,156
3700949,208
2671865,1645
3690409,30
3693593,86
3706381,396
3694955,25
3698149,120
3689461,905
3468107,2231
3702385,506
3691137,8
3682173,566
3697935,71
3704181,66
3704225,226
3708941,641
3647485,145
3710217,687
3701999,859
3530691,520
3693413,78
3703901,327
3707449,567
3497797,629
2238721,10151
3691953,136
3618777,411
3693649,68
3709061,2104
3701943,456
3645739,726
3697855,191
3703639,324
3692415,28
3701637,72
3709545,279
3696105,102
2423315,3276
3692049,66
3661217,187
3692981,76
3681665,919
3696349,201
3615001,14247
3697157,1107
3710369,970
3692035,112
2995337,1310
3662487,395
3697221,420
3578151,81
3696383,158
3710069,989
3646854,2298
3701993,1004
3695583,396
3578731,337
3691141,301
3606097,1357
3696477,200
3687665,667
3693351,118
3705137,44
3688619,136
3696499,669
3693893,97
3564669,898
3705491,178
3702745,1022
3712737,1726
3691095,88
3692217,63
3698451,325
3697937,173
3689083,321
3639145,291
3709097,2768
3692047,24
3708599,155
3702693,398
3699517,195
3700909,62
3695437,431
3552007,1018
3662263,2098
3696991,1340
3693821,98
3689581,224
3698143,113
3571241,342
3700665,49
3690605,244
3693331,190
3690381,507
3688239,371
3604509,8411
3592277,8010
3689327,15
3688777,104
3698697,804
3686668,1120
3690075,184
3563151,439
3703699,498
3709527,1081
3655689,983
3687747,182
3690935,162
3706495,73
3699357,177
3694853,119
3704609,929
3570043,6166
3668451,1119
3699879,130
3668627,2943
3696027,760
3706577,370
3509690,671
3701877,453
3708803,287
3695083,135
3690839,74
3700127,109
2019277,778
3693431,184
3699147,375
3693859,45
3693539,24
3645865,880
3632997,33
3702723,178
3690373,168
3544831,639
3590543,1710
3701961,1558
3002757,1159
3530937,2699
3583515,4450
3709759,384
3700193,165
3688947,2630
3679805,86
3696111,385
3697015,280
3689451,1272
3619089,210
3694701,94
3524935,764
3702071,558
3633137,1157
3698627,366
3695725,849
3710455,375
3693355,151
3702749,273
3709901,141
3694791,57
3706223,89
3706221,267
3690573,85
3689103,328
3690639,103
3702701,397
3513421,155
3692627,111
3703207,234
3696555,1885
3708659,1523
3692183,87
3703361,630
3697933,418
3689485,2780
3697317,218
3694915,50
3695101,3958
3672843,4515
3691149,90
3700167,341
3709587,77
3698669,97
3709319,119
3691369,399
3653361,530
3525405,2174
3667817,586
3653387,2298
3700635,66
3697093,1562
3702289,211
3652863,280
3694187,134
3696587,51
3693121,125
3697363,331
3689217,1269
3706801,21
3696367,1088
3711903,1000
3499705,5343
3699727,205
3693855,21
3690375,110
3689629,980
3690999,112
3706315,72
3692381,52
3690831,240
3513237,1210
3652719,992
3025655,3219
3698311,122
3690341,128
3694665,85
3701525,142
3709459,599
3681527,3502
3619351,3917
3696789,5507
3461861,3921
3693299,166
3712553,582
3697427,361
3697547,1072
3699533,208
3700717,70
3695859,111
3695949,325
3690395,111
3702641,4914
3693523,46
3708483,71
3707721,109
3709783,816
3703107,1065
3696853,3698
3704961,348
3699615,255
3699557,1095
3692699,182
3709917,850
3711243,2699
3692511,107
3630749,1243
3693843,181
3699573,2031
3692661,129
3701753,77
3697321,786
3625739,1315
3699223,1269
3681977,2008
3632831,24431
3604603,16617
3692167,405
3585543,1122
3691015,564
3710561,490
3699683,1733
3690949,451
3706795,95
3691199,318
3691891,99
3704499,85
3688329,164
3689689,659
3686749,202
3708563,182
3699733,399
3513517,1387
3698379,1979
3693787,98
3683389,58
3696401,139
3667979,362
3691087,386
3690019,293
3694857,178
3466683,609
3699237,1168
3697477,561
3691937,44
3701343,101
3690825,46
3632283,5882
3689487,76
3692551,59
3690671,330
3702485,79
3693657,81
3703321,462
3474955,718
3711981,1
3630883,78
3652649,445
3695783,253
3710497,1693
3705279,14
3699799,623
3698233,42
3688793,896
3693385,23
3482285,527
3704405,149
3696001,878
3686695,834
3705355,29
3026407,7360
3696377,2662
3711795,1828
3699523,156
3707039,13
3691503,105
3694881,79
3691139,285
3700541,278
3693733,61
3687389,1463
3698871,29
3708391,106
3705513,73
3674187,53
3692671,48
3465749,3510
3697041,1300
3692075,322
3698983,227
3460861,852
3693161,128
3695013,67
3697289,218
2534633,793
3594173,3318
3551385,423
3690979,540
3705501,42
3700945,135
3689369,11
3709517,103
3700937,27
3710643,1010
3699577,1716
3644397,3089
3704511,225
3705703,111
3698579,305
3694761,113
3693935,480
3694879,65
3697945,282
3693071,178
3688827,376
3461125,770
3693035,524
3695363,254
3632749,3621
3698371,96
3690677,231
3690475,108
3373589,434
3632339,56
3660665,1941
3706677,127
3563843,71
3654099,3304
3694005,202
3706341,260
3706399,39
3710753,553
3691527,35
3691531,60
3487021,110
2566849,7192
3691257,65
3697401,103
3706959,83
3655627,1998
3693403,112
3712365,1312
3646293,188
3694691,126
3701335,147
3647707,3474
3701487,142
1788993,686
3689091,1537
3688285,2532
3706549,147
3690411,160
3704743,52
3701667,398
3618007,625
3695473,38
3697555,150
3691981,43
3701519,121
3690981,274
3704911,615
3693547,1081
3692731,248
3693533,55
2744011,1265
3693777,103
3689601,212
3703697,206
3695283,35
3691217,95
3579651,431
3703827,711
3696977,670
3699313,44
3706447,46
3653259,1040
3705719,50
3703187,98
3706541,54
3700015,123
3702053,3184
3692143,54
3693557,268
3703817,834
3530983,6060
3552499,5761
3689143,78
3709159,137
2113318,287
3698057,221
3705241,49
3604734,13808
3708789,11888
3698745,172
3706991,17
3693897,47
3697751,390
3696065,3561
3704785,260
3696083,264
3693931,703
3700183,364
3583616,23
3509962,190
3710609,115
3697325,335
3691039,75
3705587,14
3696575,2778
3703451,1728
3692107,326
3531549,108
3661269,581
3697361,344
3668147,309
3697279,450
3545623,2729
3661499,3805
3693239,95
3691485,350
3565153,1101
3604597,4296
3703509,428
3710231,245
1778317,1220
3705595,195
3696565,524
3690307,42
3705669,66
3460703,9654
3698323,84
3605031,1461
3702669,227
3639941,341
3708989,466
3456957,637
3700967,178
2382651,9525
3693077,126
3689387,2128
3693423,128
3610535,3347
3702925,485
2822047,1563
3697867,103
3696557,1860
3699391,360
3696411,380
3647597,1439
3639655,415
3592033,2138
3702737,5506
3690115,510
3585507,3778
3691071,45
3694563,86
3693795,68
3604111,2046
3699927,98
3701311,619
3696793,1255
3692235,102
3585663,635
3701945,291
3690453,1137
3692319,73
3672925,1573
3706349,117
3699095,43
3333937,3384
3640139,5451
3705945,89
3661891,469
3691767,38
3704407,121
3693867,97
3696521,794
3709255,443
3644671,893
3689195,72
3700713,100
3545447,1090
3698919,55
3702225,240
3694271,129
3693689,140
3710379,490
3701925,250
3461851,1521
3702077,349
3619305,255
3689517,161
3646063,1444
3702661,1145
3655195,1790
3655145,574
3707285,164
3699521,115
3711693,471
3697123,1522
3557133,635
3487143,47
3698061,393
2995315,2732
3695097,67
3708927,29
3701705,373
3647965,470
3700261,163
3692341,77
3695037,129
3702767,140
3709127,298
3702587,132
3704791,216
3644631,1262
3693833,57
3632633,1096
3700257,240
3697511,417
3701529,203
3693891,141
3705029,200
3696321,122
3694919,82
3701653,285
3695111,265
3594197,1836
3660847,5648
2908345,620
3701551,44
1982883,903
3708741,341
3706763,87
3703223,407
3523033,818
3709037,511
3709147,140
3451237,149
3692787,45
3696115,143
3689199,68
3697479,275
3709495,1515
3700701,205
3632303,31707
3585887,16140
3694305,316
3707577,205
3702118,4150
3702134,3125
3681099,7164
3694043,1215
3697471,584
3705689,100
3693159,172
3625025,296
3701555,56
3691101,210
3699485,106
3692151,79
3674302,2214
3710573,2945
3696592,549
3695143,363
3680469,884
3183821,1428
3690883,385
3711997,250
3691253,1181
3690589,182
3631049,2219
3690813,182
3632857,1274
3674369,97
3695957,473
3184719,1270
3696219,86
3682165,192
3697575,78
3573079,2365
3646167,175
3559063,827
3699311,357
3697605,804
3698329,429
3215459,1161
3646411,2698
3690331,592
3704387,90
3693701,103
3604659,2722
3034401,2175
3693675,170
3696889,1548
3699759,1287
3674207,221
3690363,38
3704685,67
3697411,143
3702771,3584
3697243,563
3698595,242
3692961,174
3697537,259
3712385,269
3700501,100
3692257,45
3702527,104
3681541,3623
3700215,839
3662831,2865
3646751,444
3704749,184
3606043,806
3693579,122
3700691,301
3693839,20
3690587,140
3699199,1236
3354517,385
3690663,123
3647053,2534
3704699,332
3688161,464
3681881,321
3699363,397
3689981,3100
3696779,1654
3468347,303
3701349,223
3692273,67
3699773,161
3699771,374
3687093,203
3694659,103
3692401,67
3523693,179
3694837,49
3700095,118
3604921,10185
3686663,618
3691879,52
3691843,98
3691341,296
3691355,284
3690511,62
3705623,282
3692365,22
3673347,742
3590417,1942
3694067,57
3695535,40
3691161,180
3691211,46
3115437,2040
3654177,402
3709185,53
3697659,126
3696947,661
3706217,137
3710321,1352
3522553,879
3698389,102
3604153,1472
3696563,1025
3701761,94
2518085,2903
3698103,29
3662187,113
3699657,1583
3694205,80
3706449,198
3691427,71
3697885,86
3693411,143
3705479,263
3705995,84
3692395,48
3691621,105
3273743,1384
3702533,1929
3712957,238
3693173,213
3710907,1399
3693629,73
3695016,271
3706039,263
3698805,124
3698619,96
3695971,290
3706509,81
3679139,682
3632833,798
3693487,37
3695513,662
3693147,20
3702981,513
3693015,362
3633489,898
3694485,125
3701593,193
3704311,539
3706783,107
3711261,543
3699051,231
3694885,54
3693797,58
3696759,5225
3693217,116
3690647,81
3638333,154
3699173,100
3692821,38
3692987,59
3706911,238
3703211,344
3708661,771
3687193,1023
3708723,714
3430587,103
3692195,150
3690561,81
3706993,12
2785379,54
3699563,393
3700603,165
3699763,125
3698895,19
3697621,477
3708401,299
3710333,606
3691055,140
3706901,162
3691383,325
3697445,666
3698753,378
3706803,120
3692949,184
3704821,43
3699101,312
3700011,182
3706437,68
3694575,51
3700207,264
3704169,85
3686946,390
3600469,2555
3700593,372
3707811,182
3697521,360
3703205,497
3712463,751
3690805,128
2534715,27
3695015,108
3710323,96
2744061,13
3605227,36
3697957,319
3697619,57
3654307,1495
3184667,617
3702823,420
3706857,145
3706879,28
3550815,2021
3700953,228
3700333,65
3690621,328
3690441,783
3706357,114
3692101,84
3698903,200
3531547,454
3698131,101
3702437,139
3702351,873
3689107,97
3711671,583
3688369,574
3705857,101
3691933,113
3690505,3048
3693135,58
3417325,2234
3639659,623
3316989,625
3660069,1392
3690459,979
3710665,43
3705207,88
2364531,3030
3411217,959
3653767,1615
3605271,64
3550903,90
3699429,231
3691311,126
3615657,1326
3654403,224
3705205,54
3695141,412
3522245,2331
3700293,447
3695685,1188
3668107,730
3491725,720
3697081,946
3701319,194
3693421,30
3698521,274
3603987,1950
2153405,138
3681913,129
3687821,348
3693399,122
3686291,525
3696859,797
3702295,2744
3690183,149
3563479,268
3701177,196
3704601,72
3693475,150
3708441,186
3681095,733
2317737,3885
3695737,39
3699249,342
3524955,460
3694849,43
3646281,1159
3704623,489
3687979,42
3694989,181
3703021,359
3699167,1198
3701545,256
3655777,1056
3705685,110
3698853,122
3701685,534
3689803,131
3686591,1157
3693757,171
3692267,41
3706003,143
3712721,607
3704421,228
3708848,349
3705485,85
3694083,84
3702779,2028
3709157,845
3712631,3126
3695045,75
3692317,55
3365655,1315
3631461,757
3662631,728
3652485,92
3687889,1025
3687915,817
3600483,8373
3698095,108
3531313,1351
3691521,88
3708389,158
3334045,3774
3699353,212
3690853,123
3692299,55
3699703,181
3694007,203
3697811,509
3705793,220
3553161,1117
3710281,307
3639969,691
3693881,66
3632999,120
3699301,171
3699365,199
3699247,130
3698513,198
3699589,1751
3699715,1728
3697901,221
3705603,19
3693473,118
3698511,238
3711159,372
3652367,1268
3638541,1672
3699491,147
3709919,241
3705875,198
3583573,540
3699477,332
3638291,1637
2719849,10800
3697097,2334
3644487,938
3704157,160
3692149,991
3689129,68
2981341,120
3646151,1048
3693019,539
3692773,150
3453329,469
3706973,51
3693827,47
3698859,81
3701587,137
3699691,258
3617615,2157
3689757,933
3692819,282
3689157,29
3700141,924
3691905,97
3604563,1939
3698347,100
3691309,161
3705859,159
3668151,1025
3652725,2048
3695889,255
3707377,33
3706167,20
3694473,1130
2652075,16783
3709659,451
3712773,1009
3705879,64
3701789,166
3625251,2202
3702067,1138
3692607,106
3653305,513
3708685,107
3689905,53
3689779,690
3698889,629
3668941,115
3710035,164
3695769,189
3693327,70
3710135,66
3298773,200
3705845,49
3702033,240
3698715,134
3706657,20
3690067,508
3698335,604
3706885,42
3693323,80
3697219,325
3708943,160
3698869,139
3706061,41
3689593,242
3692277,50
3710227,1025
3695739,48
3699581,162
3710167,60
3706591,262
3691401,119
3697569,202
3709473,249
3699515,237
3690271,421
3704975,285
3606119,306
3693065,325
3704465,53
2184877,3246
3699011,158
3702189,982
3703447,797
3712133,252
3710541,841
3551893,5786
3697851,215
3703191,528
3703315,174
3619269,1138
3709111,153
3709119,91
3709141,71
3672699,756
3682017,2612
3710283,72
3565207,744
3695863,197
3698201,56
3692713,100
3692185,109
3704127,130
3693243,100
3697433,231
3707977,39
3690521,280
3495501,243
3704403,57
3696445,725
3691281,56
3691135,86
3699751,223
3638245,1272
3470341,6875
3697527,152
3697395,641
3533421,696
3706041,136
3702961,585
3707479,46
3660983,1707
3687999,685
3705271,27
3689579,134
3691107,200
3695965,53
3373557,2714
3688769,88
3701497,392
3690911,572
3461863,3746
3701537,529
3698785,315
3691361,521
3692629,704
3705893,58
3708885,637
3699753,101
3699721,153
3689847,686
3712493,76
3632855,23
3690125,54
3695639,1470
3617915,770
3361517,1697
3695525,429
3708295,40
3667557,103
3681637,54
3706919,97
3656019,374
3589951,808
3049255,1116
3645541,704
3049269,790
3709059,203
3692011,125
3486359,827
3690603,84
3347789,1276
3687241,577
3702039,117
3684461,518
3662189,121
3702649,320
3701923,1267
3691851,133
3704399,29
3681653,3117
3692817,80
3697539,1290
3696063,634
3690595,738
3712037,418
3693249,187
3705735,210
3025729,2131
3693715,52
3650001,1257
3709751,583
3693909,158
3551027,869
3704635,32
3060462,910
3697339,209
3693613,68
3698087,111
3705787,258
3690273,192
3387683,263
3695019,339
3692307,60
3668365,640
3689431,438
3557997,3195
3706253,110
3697649,866
3693111,225
3711353,99
3593761,183
3710409,134
3685923,560
3696807,530
3698189,44
3638175,98
3580039,79
3687723,825
3665125,590
3692553,19
3702621,891
3335277,545
3709389,71
3690463,828
3702459,574
3706067,85
3706953,90
3700775,220
3707923,56
3690777,173
3703027,483
3701471,223
3703867,40
3710735,288
3706037,44
3712771,118
3712559,258
3701569,231
3692653,91
3698917,55
2201633,777
3688549,158
3644459,1514
3692031,40
3638169,159
3710271,98
3688543,85
3646985,5596
3692537,49
3699779,119
3701893,1853
3694511,58
3695563,153
3701901,1257
3690661,21
3705853,65
3691171,35
3700217,301
3707531,236
3693709,131
3701969,163
3680881,1983
3632611,777
3696693,1536
3700305,48
3690965,186
3699843,374
3707423,136
3689745,914
3691703,42
3693691,78
3699935,511
3699187,1293
3702923,349
3693807,238
3704703,83
3709239,375
3703311,68
3693307,35
3704589,126
3693031,68
3697231,152
3694777,270
3525013,797
3374059,559
3559467,475
3708549,233
3694893,106
3702021,79
3659955,404
3692403,13
3691747,7
3691749,9
3630421,273
3691117,237
3545241,204
3687871,1080
3692295,208
3705313,283
3698737,141
3694359,21
1873779,2312
3695357,423
3691411,32
3690849,122
3709955,211
3704549,57
3511401,75
3693235,34
3699265,285
3703425,1267
3686387,942
3703393,160
3557983,2177
3699649,114
3698877,80
3707393,125
3559555,142
3711461,114
3706567,16
2852483,2830
3691037,25
3701595,238
3698613,634
3701189,296
3696985,2028
3699853,149
3712087,215
3705569,7
3692743,257
3703253,1071
3694033,37
3689275,80
3689465,1549
3698085,176
3698657,1098
3704545,129
3691909,122
3693345,354
3702959,654
3704571,116
3704603,132
3711379,58
3688251,5705
3709305,58
3626453,1215
3709633,191
3708443,121
3652271,1220
3694515,63
3693477,369
3693771,166
3680057,3269
3693717,72
3698509,156
3706133,91
3712789,1247
3693087,141
3585003,162
3696397,319
3707469,14
3701971,556
3693109,405
3690701,58
3703127,228
3692771,55
2157885,156
3702635,220
3707301,64
3696599,3456
3617347,129
3702114,1286
2728033,3470
2995215,305
3692237,63
3712747,2761
3695575,91
3709445,335
3710089,132
3709363,61
3696891,2520
3710667,492
2857327,3101
3706443,164
2341755,317
3698073,508
3699323,51
3285633,422
3709181,1357
3712869,831
3702765,753
3705427,336
3617723,282
3701723,119
3699729,375
3704017,134
3690467,158
3700897,36
3690687,112
3700013,138
3691619,144
3701543,100
3709135,140
3697857,96
3694467,41
3710189,277
3692247,105
3698729,475
3590709,1531
3693167,164
3691499,157
3694423,62
3699775,173
3258395,258
3559385,357
3692673,20
3692091,95
3529675,726
3689123,68
3532697,224
3702953,361
3689977,594
3701381,65
3700761,19
3693887,45
3696441,177
3514467,712
3702897,93
3711737,489
3694715,74
3709129,233
3646085,128
3662457,5213
3710353,80
3703711,243
2824989,297
3707343,89
3695497,442
3692123,145
3705301,28
3699875,130
3688401,29
3700049,175
3690751,37
3692029,110
3693835,47
3585823,647
3707291,102
3690279,288
3693485,103
3703691,2734
3693251,264
3585253,1079
3674866,2507
3695181,85
3700661,354
3697705,728
3089037,8521
3704721,71
3707943,86
3691609,45
3691667,203
3700139,88
3697533,305
3691585,366
3693673,185
3692321,210
3424699,2445
3661667,14
3705443,146
3674543,128
3701263,233
3673181,1561
3689869,1076
3701797,1635
3709971,810
3698119,113
3691339,169
3701599,146
3691919,29
3709623,219
3699947,180
3692541,45
3702065,43
3700797,79
3691007,23
3704389,289
3690503,256
3700301,94
3690461,233
3686931,891
3696355,403
3661325,158
3566673,219
3691565,67
3690479,26
3632247,182
3688141,431
3690087,1460
3653407,1532
3711979,1540
3693387,136
3687025,9620
3070939,4954
3705255,191
3500399,28350
3693191,38
3427635,3573
3680157,1760
3699449,122
3702885,798
3705827,18
3559291,101
3712693,2633
3689223,80
3616819,3838
3631375,3001
3708575,1451
3706873,387
3706745,270
3702579,998
3706307,76
3698109,210
3702379,115
3674053,787
3565551,515
3700803,115
3712685,660
3708921,98
2057915,4574
2671825,4303
3698931,163
3690727,275
3690429,456
3708223,152
3707139,149
3694615,225
3692451,210
3698883,90
3710855,4111
3696975,153
3693397,49
2019271,829
3692749,92
3698989,71
3108295,1160
3709469,27
3694325,128
2134914,333
3691025,52
3692893,94
2093065,1007
3702537,1028
3701331,78
3690255,111
3630895,1266
3706573,64
3708361,191
3691941,77
3500265,63
3557179,2005
3697215,378
3690631,97
3702221,925
3563729,1463
3696005,276
3705247,47
3706461,217
3291549,2484
2994865,1904
2995303,1296
3603817,2483
3493069,6061
3689895,511
3695597,196
3708729,71
3232799,792
3690323,54
2652105,17629
3695237,305
3694929,32
3668647,689
3707011,442
3618085,84
3701275,90
3616563,452
3699543,46
3692419,853
3705203,75
3693615,196
3698915,52
3709405,42
3600629,299
3700219,260
3691067,69
3706983,75
3691677,61
3693825,45
3691515,178
2928957,68
3697259,854
3705983,91
3691327,28
3705987,72
3610957,180
3692603,16
3701527,63
3705727,16
3701163,1045
3333709,2038
3672795,487
3706055,152
3692137,36
3693241,72
2767557,2401
3700171,213
3694461,901
3694629,863
3710093,120
3707709,22
3693285,225
3702815,1409
3706277,15
3699599,93
3703667,998
3702721,2055
3545375,6370
3699709,452
3692619,139
3697847,64
3631229,112
3693761,66
3693619,132
3304545,101
3687457,545
3579997,312
3701781,758
3695709,109
3699405,203
3672961,40
3693567,39
3710155,53
3695641,120
3691617,124
3698331,329
3702319,1095
3704337,200
3707411,97
3692783,184
3697385,418
3710433,730
3692555,16
3544683,358
3674079,406
3693687,82
3457183,117
3695277,207
3697781,90
3706353,34
3710033,276
3691601,93
3692309,117
3605655,642
3701835,828
3706535,51
3706539,22
3692945,14
3694959,119
3704409,431
3701749,613
3711651,1868
3701367,286
3692343,161
3693099,181
3702181,198
3702683,920
3638113,295
3692575,57
3697701,150
3693589,124
3691529,177
3704411,72
3690895,692
3705733,25
3691417,119
3429947,178
3706739,144
3341575,1159
3689615,127
3695201,197
3696113,233
3580601,336
3711727,2185
3691425,146
3697509,83
3709933,226
3564333,4031
3705103,42
3654297,652
3705943,70
3691699,53
3695851,93
3701949,195
3653881,96
3703429,1658
3184689,9
3693519,211
3710873,324
3653941,1111
3706023,276
3712199,957
3590269,1832
3617493,116
3638661,460
3699259,148
3699379,199
3709613,131
3680803,12699
2267195,4
3710163,138
3695319,315
3707223,167
3697787,335
3692915,148
3711327,809
3706053,227
3697305,1677
3681975,500
3681809,4492
3693495,40
3706773,183
3557097,92
3710589,787
3686537,882
3691433,151
3695293,1188
3699701,1324
3698649,852
3705871,210
3317039,1386
3701249,266
3652855,982
3709301,98
3706459,69
3690591,813
3708347,23
3697391,416
3694093,157
3698431,178
3191887,403
3711119,967
3693137,257
3694213,112
3569885,83
3690799,27
3693393,50
3712129,320
3689039,1039
3709557,266
3578537,1624
3700339,280
2532521,1615
3691801,137
3693713,50
3702655,96
3691833,87
3701013,173
3691673,425
3698441,205
3674055,1069
3697633,454
3707405,7
3707419,87
3707455,34
3701793,1424
3695485,19
3701811,204
3709879,216
3694877,236
3691123,101
3709443,412
3690833,39
3699909,780
2272209,937
3689225,37
2207507,2393
3702051,1396
3711817,133
3690449,41
3687479,2101
3688269,603
3694075,47
3685905,674
3703139,377
3698535,101
3700051,199
3297607,3768
3710171,122
3693301,39
3692221,30
3697613,364
3690535,488
2339297,4413
3689547,292
3425957,675
3704401,15
3645565,1411
3514285,1963
3707103,102
3710493,198
3693875,178
3695321,131
3691717,198
3706637,103
3710037,613
3660551,329
3703231,262
3709277,862
3695787,14
3707051,68
3700111,131
3637783,284
3699783,790
3693029,72
3690259,148
3690055,699
3704801,81
3708777,1229
3707037,13
3703169,1048
3707175,64
3655397,207
3590697,146
3695503,420
3691575,92
3707149,973
3690811,54
3703261,342
3692709,136
3701229,70
3709423,46
3697793,141
3673170,327
3309361,5060
3692367,25
3697553,179
3705253,139
3702955,231
3709787,152
3706043,86
3698881,409
3691423,106
3639263,206
3691501,116
3712019,102
3704183,99
3475971,1266
3697565,142
3708703,114
3712537,289
3689209,72
3544957,728
3692827,33
3692133,120
3699261,330
3701005,131
3691553,61
3696037,708
3563755,2107
3579485,1375
3693123,388
3689097,334
3592997,3091
3693889,30
3698971,138
3693363,57
2364019,906
3690305,252
3693011,118
3694697,69
3697927,225
3691495,46
3703215,330
3702129,294
3709433,458
3690355,48
3698637,75
3694745,97
3698563,215
3705549,195
3705675,224
3698593,42
3698455,69
3698297,194
3706691,21
3696051,173
3356809,14
3692443,85
3711321,276
3692533,87
3693061,98
3700639,150
3693203,229
3699021,94
3706285,42
3692111,31
3692583,343
3707145,189
3701285,605
3702017,1893
3697461,107
3700869,140
3699813,33
3693335,16
3701467,323
3706995,17
3696369,2431
3694285,91
3580015,120
3698939,146
3701243,141
3611187,5235
3703728,1689
3692463,95
3706877,30
3703387,488
3689819,53
3705439,388
3708345,17
3699755,870
3712253,137
3701325,200
3461869,269
3705167,153
3693817,54
3711367,1335
3699565,205
3690753,64
3709287,25
3696547,661
3704221,161
3705981,87
3366881,707
3686936,5077
3701827,405
3654895,166
3696479,69
3697357,342
3700495,797
3034595,2355
3706505,271
3691183,15
3690855,84
3704417,171
3577073,1069
3693373,33
3712135,1488
3521337,315
3640205,444
3633223,174
3688351,123
3638103,888
3452335,3743
3708485,127
3701983,644
3708299,90
3691539,21
3706471,6
3702447,434
3686281,116
3703221,183
3709671,19
3697005,1876
3698997,254
3698967,61
3692613,482
3559459,2643
3544495,225
3700859,86
3630041,115
3522451,1045
3696103,74
2744123,1760
3706849,171
3706411,149
3712835,2944
3697821,124
3708297,49
3674221,141
3626117,181
3498533,259
3690365,433
3690715,199
3298719,425
3687209,230
3708381,104
3699921,411
3704775,134
3593841,12869
3690239,569
3704005,194
3699807,146
3699559,938
3690403,25
3689467,755
3691131,197
3703877,192
3639773,1494
3639889,350
3698809,174
3594207,4320
3696465,349
3691227,193
3176481,699
3034469,2271
3681701,24
3015853,1323
3625925,1198
3422297,1330
3693681,72
3693705,28
3697799,290
3691751,38
3697797,306
3702155,3053
3702147,4911
3701559,104
3695479,162
3691127,33
3694793,17
3644427,10932
2820221,397
3060458,609
3696551,1890
3704667,62
3697439,179
3689589,540
3705509,65
3710649,269
3558863,1007
3705823,97
3424649,49
3690559,776
3522849,576
3599689,4680
3695997,53
3690711,47
3690707,45
3704931,55
3705471,97
3699525,162
3708629,186
3709939,4985
3711573,1320
3691583,715
3061307,24
3692093,28
3712213,192
3645649,706
3700915,48
3710647,833
3711957,2545
3550809,2096
3700101,291
3708725,124
3700623,117
3692131,321
3688595,2549
3462251,2409
3698171,172
3702501,373
3710419,51
3668351,919
3686231,36
3712025,384
3552853,153
3580613,1609
3654427,240
3694397,227
3662253,1166
3578011,85
3692519,32
3638697,1309
3706205,85
3693361,553
3693169,177
3712665,53
3707033,29
3701017,191
3702633,488
3699275,131
3709209,264
3701223,158
3707657,68
3698503,395
3695417,689
3700795,149
3668357,30
3686925,17
3695871,329
3585581,1111
3710463,107
3705195,60
3703477,666
3691771,46
3690155,235
3706929,39
3654515,1316
3692037,66
3703665,139
3593863,7036
3632707,5490
3689291,11
3689625,283
3699347,229
3481719,97
3570937,608
3708583,349
3646357,885
3695343,403
3668545,132
3703875,60
3687941,4384
3522257,2924
3600489,5117
3696869,518
3694987,1554
3710525,361
3692313,37
3707167,11
3690921,1136
3707451,619
3701173,180
3697775,178
3693199,220
3699321,267
3699283,359
3697561,214
3710987,193
3545963,92
3695211,1226
3690977,311
3688835,165
3697383,533
3655639,238
3705693,142
3697067,250
3699229,1351
3697965,161
3704973,123
3699723,1296
3707109,44
3691151,143
3691697,49
3701133,130
3700331,1908
3691375,102
3644455,2660
3692159,270
3646499,216
3687657,1322
3706905,180
3700191,258
3691949,41
3706687,36
3690079,161
3702787,231
3689767,629
3709725,280
3709761,405
3704923,159
3702795,579
3706239,39
3690011,505
3692557,177
3697823,413
3699475,401
3697585,118
3707605,234
3689833,258
3215999,299
3688575,964
3691001,232
3689617,93
3707717,69
3693067,143
3711835,77
3706807,35
3704167,136
3706737,43
3710563,506
3708163,40
3690961,1454
3706703,219
3704745,192
1773483,8118
3706007,50
3706161,70
3712873,423
3699553,419
3711587,357
3709031,2870
3703383,1135
3668933,406
3524373,3199
3694001,552
3704713,141
3564033,279
3696939,543
3373715,846
3694773,60
3690425,152
3697035,1996
3710075,296
3679619,325
3703571,476
3690691,136
3692017,81
3693927,129
3695395,102
2467767,480
3709263,262
3067567,1615
3696067,98
3700179,268
3706785,109
3712997,10358
3698077,176
3692351,130
3698063,63
3706463,17
3654591,431
3698943,89
3690319,91
3698691,190
3703371,1414
3690379,55
3707151,36
3680245,4043
3704037,388
3690071,982
3706489,23
3706641,31
2383471,4016
3701475,87
3707445,187
3550777,1109
3687251,752
3705231,4
3045285,299
3710823,4607
3704613,15
3703189,181
3691461,109
3707313,16
3692289,24
3710469,58
3694779,20
3697197,48
3701535,114
3697783,395
3699315,558
3698237,265
3697915,49
3707695,49
1684035,1781
1684049,1146
3708285,148
3689989,122
3705387,72
3646023,902
3700471,180
3706273,32
3702987,409
3701411,330
3697189,633
3706631,112
3696127,171
3424013,603
3697235,400
3692897,45
3693683,34
3697027,471
3700771,170
3692205,28
3704539,76
3706289,49
3691179,169
3691121,57
3691303,12
3691439,99
3703113,537
3598867,1323
3695095,106
3707481,21
3703769,267
3696895,637
3699737,261
3692811,206
3699049,1141
3699233,1131
3702619,1911
3698907,181
1658927,2092
3696091,283
3696161,54
3659931,440
3710507,587
3708759,11807
3707413,312
3692689,157
3709491,456
3353359,278
3709719,1112
3693913,409
3704617,214
3487131,1386
3702807,270
3512279,1091
3697353,118
3679947,271
3702491,1298
3689801,281
3470373,1080
3692871,16
3529301,291
3701737,683
3590565,254
3690047,52
3695747,171
3711805,106
3711027,3730
3691921,318
3699269,158
3698145,93
3689993,58
3688361,100
3709577,146
3710181,3131
3706433,141
3699057,138
3709553,242
3709449,51
3708617,130
3702921,254
3637585,300
3702917,753
3698113,258
3700229,199
3692331,44
3712001,384
3690765,26
3647481,2860
3649993,1141
3701751,246
3708405,35
3462199,4365
3701409,49
2671753,10616
3694003,43
3563527,4050
3708351,27
3702563,248
3699217,1221
3701851,574
3691265,54
3707563,289
3692645,58
3498531,2702
3692263,74
3701437,113
3710847,48
3693221,48
3692453,26
3697255,90
3706075,65
3698355,142
3705863,192
3698981,546
3690389,1208
3698985,299
3704811,19
3699911,547
3639255,342
3697739,42
3704469,65
3691085,92
3701317,158
3706393,122
3697861,167
3708509,183
3697441,292
3701477,66
3694531,39
3706679,20
3386517,6304
3700841,26
3693223,120
3702969,133
3692649,103
3697985,149
3698561,97
3690539,49
3691013,49
3694419,23
3690317,78
3708933,148
2184763,2088
2195165,1298
3617619,3050
3692025,25
3695675,818
3708269,65
3660285,561
3706105,72
3647815,1706
3692587,106
3698327,165
3703355,146
3681020,11
3707653,39
3692963,63
3690609,148
3705213,49
3693333,74
3696263,869
3703239,180
3703319,545
3686945,212
3532843,538
3709065,308
3699831,119
3703471,404
3691403,18
3700625,40
3710303,134
3710365,48
3694267,87
2359761,362
3662541,659
3530363,792
3697741,199
3704989,29
3706501,39
3698197,140
3692189,188
3705163,45
3690501,75
3705445,79
3387689,95
3703165,776
3704305,44
3701763,85
3694055,468
3699053,341
3695795,84
3693195,136
3700621,109
3693375,15
3690755,39
3531503,228
3698717,438
3697519,501
3711297,1952
3067655,480
3704395,42
3697455,181
3700031,78
3693447,335
3693085,131
3695661,461
3705849,61
3702106,2899
3698607,106
3619224,886
3647175,70
3713230,366
3697875,235
3706533,51
3705873,82
3688665,143
3700097,133
3697897,87
3691155,94
3707753,27
3707019,90
3692697,108
2671991,3490
2728023,1461
2671887,4480
3691033,168
3692927,100
3699901,69
3692043,115
3707631,52
3366301,520
3692113,38
3706831,48
3699211,184
3708385,122
3673598,2056
3707541,100
3709945,420
3691415,55
3545305,3483
3603885,407
3693737,27
3705713,14
3692145,53
3692547,289
3698829,114
3693607,92
3701247,57
3691835,9
3694431,22
3706907,64
3706009,122
3695995,748
3706089,49
3701423,102
3640095,625
3711955,983
3619813,1090
3709419,75
3660495,155
3570927,245
3690151,88
3185079,10
3429151,2154
3590479,191
3660583,249
3689985,575
3511113,83
3708961,164
3701955,529
3689983,569
3693309,30
3712983,141
3692059,16
3703469,516
3632843,578
3691985,69
3699851,434
3712427,739
3673745,1164
3696305,1094
3653395,494
3558913,281
3711265,6725
3698395,131
3545037,3182
3698927,38
3681207,1229
3703365,181
3698051,161
3645621,148
3691955,35
3697651,212
3699367,421
3697309,181
3184815,2528
3706861,181
3706825,37
3702757,433
3690643,72
3689533,3738
3708909,99
3700131,95
3708339,31
3586009,425
3492757,457
3706735,57
3693231,316
3711553,2172
3692985,62
3706323,451
3701523,132
3692717,45
3700755,198
3705217,45
3692849,54
3681945,5294
3688733,631
3694681,175
3122329,5662
3511857,4811
3355869,3354
3693921,264
3706099,130
3691159,449
3710995,899
3693405,40
3697423,532
3706839,29
3698799,400
3705665,54
3655039,269
3696433,715
3687179,485
3708697,181
2287469,3055
3531517,403
3692973,130
3615341,2578
3695537,237
3701701,498
3706941,416
3693699,51
3706615,71
3712003,197
3690743,44
3690787,25
3695521,788
3711629,822
3625463,89
3701421,234
3698831,231
3699953,506
3705755,77
3697083,4397
3693745,7
3692021,177
3690791,39
3698791,169
3655469,573
3679145,543
3710639,215
3691827,122
3691823,125
3707023,46
3695921,35
3696571,858
3697397,192
3704621,38
3700693,896
3707633,398
3690291,220
3708419,59
3710957,1448
3686627,1007
3696485,34
3681215,2762
3701649,136
3692337,221
3691571,201
3698293,3032
3700289,86
3692361,16
3688427,1486
3704605,30
3706733,30
3702239,138
3693025,107
3689861,1049
3557767,51
3644407,1615
3712483,197
3692005,95
3703377,6946
3591057,3601
3707703,701
3706597,130
3691215,406
3705975,115
3694373,28
3706963,60
3691097,72
3583669,455
3700929,318
2928923,33
3698537,143
2674479,1117
3694097,172
3697205,500
3695241,827
3522249,1321
3605993,2891
3709505,1526
3698667,373
3522255,130
3691743,134
3708369,24
3705005,61
3710017,291
3700891,50
3591699,638
3682031,126
3411201,1069
3590027,1134
2176031,837
3692231,85
3681519,384
3584823,563
3689417,1345
3697631,50
3215959,971
3689817,592
3697999,159
3690357,55
3706609,39
3707685,84
3703787,283
3660043,759
3706077,75
3654385,362
3709269,988
1970573,400
3709133,1064
3680091,82
3700631,39
3707573,38
3585017,415
3680061,617
3680315,945
3698127,65
2868735,475
3701759,41
3712269,107
3706793,101
3700307,52
3706149,148
3689947,1679
3697155,302
3647959,339
3699713,247
3698749,119
3703917,54
3662639,579
3422537,255
3653231,486
3691073,56
3690611,50
3696941,655
3691455,212
3694301,69
3705571,90
3697103,181
3697105,108
3700197,82
3700017,234
3692861,67
3702585,2121
3699243,1164
3690667,151
3690625,613
3690509,59
3698471,198
3690891,62
3704815,216
3710529,405
3698589,66
3645885,691
3158337,154
3705401,91
3707461,320
3705385,79
3698287,180
3693725,79
3559409,2269
3259133,748
3694907,55
3709767,190
3686341,159
3693325,32
3687289,1064
3701457,58
3707973,17
3695925,522
3694433,2
3234349,1483
3693925,55
3707677,105
3687627,352
3711617,126
3694469,853
3694471,883
3690845,16
3698139,159
3707075,42
3693377,174
3705369,40
3701687,123
3696827,803
3712397,215
3686345,788
3689737,255
3668765,202
3688727,384
3691549,26
3687937,127
3711237,429
3640003,1460
3708951,184
3041537,1937
3695451,72
3708687,594
3628339,1291
3689279,59
3687835,741
3694979,163
3711019,2540
3692569,18
3697571,63
3538625,494
3701531,136
3698807,103
3691785,25
3701875,267
3701871,1249
3616797,1198
3712627,440
3704983,81
3692045,307
3088939,3896
3706199,31
3569825,85
3690311,64
3706407,32
3700689,177
3593845,205
3690923,1131
3704439,33
3710457,500
3704151,96
3691701,291
3710041,317
3702709,3654
3709253,1262
2728051,5396
3661455,10
3690513,1811
3700321,267
3699207,475
3697929,101
3699403,70
3532205,57
3709205,388
3706233,56
3705545,28
3695607,167
3694089,52
3705947,156
3701091,88
3699991,523
3698797,59
3690969,229
3705753,101
3690967,351
3707781,222
3578747,334
3702539,1609
3706309,69
3697779,109
3692357,12
3699087,43
3694245,264
3704081,1055
3709807,595
3710975,338
2223637,1157
3702813,1394
3699133,117
3259119,289
3709075,107
3697303,258
3702825,1270
3705425,65
3700863,149
3672741,1652
3704483,57
3693645,95
3693665,48
3691207,202
3691563,85
3693637,68
3696785,2596
3668470,1605
3704021,101
3704527,47
3704137,317
3689397,864
1947241,491
3341535,32
3653145,753
3699695,89
3701031,82
3706131,27
3706685,29
3712787,98
3692601,26
3707279,43
3699915,583
3697465,164
3692829,99
3661431,105
3530981,187
3696035,179
3692291,23
3692947,15
3713421,1552
3322735,191
3699805,40
3706271,33
3265063,569
3697493,133
3689685,273
3691221,328
3694887,133
3709073,536
3699511,382
3699481,338
3707513,117
3699699,506
3696879,934
3698027,148
3311225,1351
3710531,563
3701767,44
3703881,76
3708591,85
3713827,6040
3695729,439
3617339,3544
3679036,347
3701365,46
3524445,161
3711139,422
3701917,191
3711217,161
3709453,149
3694181,73
3688379,412
3672611,51
3706681,44
3697503,170
3692399,42
3691251,54
3692703,94
3514317,807
3687875,552
3702223,189
3699641,61
3710577,833
3712265,138
3711785,1
3704813,53
3706103,111
3712487,196
2951183,633
3711477,183
3335069,9033
3224691,2744
3699859,137
3690841,123
3368489,317
3692439,19
3699327,192
3698111,127
3697931,932
3710779,412
3692801,52
3355347,8203
3711077,2212
3699319,113
3521979,159
3699285,72
3701307,107
3184641,517
3702937,138
3693871,116
3704485,71
3702911,115
3688235,46
3696379,115
3711081,1668
3529349,105
3697825,487
3709251,105
3690207,192
3346537,7640
3706027,79
3693529,60
3638823,19
3707729,67
3710467,101
3625337,148
3693095,102
3693517,21
3693545,15
3693503,177
3693537,26
3704479,60
3611663,46
3686891,862
3697373,283
3702193,502
3423099,279
3703277,444
3637715,593
3711889,594
3696007,195
3623447,432
3689967,264
3696095,262
3707659,148
3529597,170
3700807,43
3692983,99
3694349,27
3709791,61
3691547,318
3699569,2074
3697603,329
3691479,126
3668121,464
3709355,207
3690675,148
3690243,119
3699549,91
3694737,105
3619179,1150
3631131,2576
3512067,532
3692815,157
3705891,64
3697501,661
3697577,105
3689835,475
3698665,73
3704905,104
3706311,131
3251345,66
3710297,23
3707425,152
3708471,399
3692353,90
3702063,670
3702455,224
3688803,703
3698081,77
3700021,479
3698117,97
3692675,236
3710187,13
3698867,49
3710125,82
3698677,479
3681513,123
3687115,120
3692127,166
3691903,146
3701719,210
3697327,1676
3704633,68
3701465,164
3412291,595
3705045,36
3690415,136
3693263,61
3632243,1781
3481975,760
3522639,474
3711407,3458
3699635,81
3674211,385
3692677,49
3709949,743
3704673,423
3707503,48
3699637,147
3411681,3652
3691113,310
3701757,496
3693585,28
3703523,179
3701113,75
3700285,291
3668891,1151
3707389,65
3706751,206
3708335,11
3694087,79
3700857,353
3696415,85
3707317,237
3680549,1306
3697163,1298
3697263,1350
3707183,111
3698485,113
3707337,297
3710835,4273
3706379,117
3705151,42
3631255,649
3698833,157
3704823,77
3257436,1552
3699371,294
3699271,433
3692957,64
3511477,134
1684031,1218
1684073,835
3698905,21
3698863,30
3705597,164
3691069,213
3698299,162
3696901,647
3692099,55
3695291,158
3702733,498
3709969,943
3693131,305
3694077,92
3710499,219
3697899,64
3706897,155
3693723,31
3693595,262
3697785,368
3701373,315
3691541,96
3691163,72
3691229,80
3698841,375
3691213,92
3702617,165
3707025,75
3689249,42
3706529,36
3711113,292
3693727,44
3704531,38
3706157,86
3705877,43
3703427,162
3706693,27
3645663,892
3482777,735
3689607,432
3639465,3741
3692903,202
3701425,17
3706675,116
3697683,88
3690995,80
3690419,90
3706555,58
3689463,763
3691143,294
3705919,29
3699113,1258
3712531,11
3208419,8071
1786695,1881
3691885,57
3279499,1393
3702415,836
3710663,173
3706653,71
3705933,56
3688153,438
3645741,5223
3605746,330
3662723,146
3705081,61
3708431,107
3699767,345
3531353,201
3563727,3392
3694355,150
3703815,1183
3611153,737
3706565,255
3692759,56
3692535,307
3694743,96
3700885,742
3707441,91
3700939,734
3710897,140
3708305,278
3700379,250
2566725,13592
3697117,174
3697759,904
3697101,121
3701231,84
3704739,52
3645643,1018
3707111,66
3707699,135
2547017,1026
3699949,114
3710265,60
3712885,114
3525033,273
3691935,75
3704125,20
3242901,1074
3693247,110
3699161,340
3697983,170
3694371,119
3694713,58
3694719,139
3705961,8
3710197,127
3709003,403
3711923,402
3703385,174
3709325,809
3351183,2896
3710195,127
3695515,4170
3712551,94
3693877,30
3709373,221
3695797,1064
3680879,244
3674125,78
3705887,265
3695775,213
3706441,354
3706419,162
3544491,142
3709525,1434
3696233,414
3696757,554
3693171,275
3693283,43
3058921,3367
3702365,1190
3701277,169
3679153,482
3691957,85
3701419,36
3703345,386
3703037,242
3698123,2871
3705453,319
3699891,163
3705473,255
3692693,376
3702025,429
3704959,128
3699437,132
3698477,297
3698555,142
3690303,202
3697647,124
3705599,31
3451207,497
3705883,107
3399603,481
3706397,51
3706045,42
3692977,65
3694517,22
3689609,107
3698835,96
3698837,124
3707795,38
3692281,18
3701625,205
3590073,404
3708289,133
3704135,34
2566705,10879
3605165,863
3696131,719
3702049,545
3694319,109
3638073,382
3709407,184
3688011,329
3578985,3898
3697713,293
2338075,74
3706135,127
3710459,1743
3694687,95
3693671,50
3693769,25
3707817,12
3707001,90
3692501,234
3705913,62
3066345,1719
3691519,31
3689899,200
3691947,333
3692943,32
3687019,224
3699205,150
3708249,92
3693021,44
3693739,97
3709977,278
3694843,731
3691471,266
3692379,12
3460885,2408
3692831,19
3693449,61
3693791,55
3701169,156
3704587,63
3702847,365
3698041,353
3707357,81
3705949,13
3698523,69
3703975,79
3694491,35
3679439,119
3692447,30
3681999,174
3698065,57
3700667,832
3692865,191
3692061,103
3701225,86
3617793,227
3701565,56
3709217,685
3691805,26
3691809,17
3706355,23
3707369,529
3697447,355
3653199,1596
3691763,40
3694609,18
3702581,215
3564447,6100
3704831,69
3492707,186
3680459,1966
3690585,176
3708527,694
3660253,597
3552173,464
3668477,363
3524881,2500
2054727,1771
2430437,8698
3710521,588
3711371,3511
3686689,29
2467927,1615
3647891,2777
3706717,125
3710349,1141
3692565,44
3690571,24
3708653,495
3696847,707
3700037,402
3706775,249
3701507,291
3660987,517
2744535,1334
3695943,1080
3707647,48
3708707,184
3692939,108
3699833,35
3693633,127
3692925,120
3703801,1046
3705541,32
3514561,645
3706291,42
3692969,69
3695777,87
3701001,171
3696175,16
3693849,10
3553107,26
3696257,1450
3709041,951
3709051,649
3387539,1987
3704251,142
3697061,577
3690349,60
3208191,1020
3710645,220
3709683,157
2333135,128
3611211,134
3703085,287
3699665,54
3709007,190
3708737,668
3698929,17
3694703,81
3693153,41
3702941,615
3690955,87
3690553,110
3698223,104
3698219,43
3589955,253
3705171,84
3690619,103
3697319,241
3701739,161
3707493,38
3698121,172
3698493,100
3705555,66
3705169,75
3690627,327
3694165,316
3704341,211
3704385,57
3697415,223
3690881,116
3694127,359
2918883,931
3708377,111
3700283,374
3696863,309
3722113,898
3700387,369
3605755,1202
3697507,171
3690735,48
3699433,294
3692303,31
3410641,2165
3708357,97
3702785,505
3697707,139
3700029,458
3710475,54
3699245,734
3706725,15
3693371,36
3638817,1983
3704753,127
3689657,3
3692065,38
3693139,42
3694401,21
3697863,97
2557471,1784
3701397,453
3695117,5
3701015,316
3697467,314
3707547,54
3701707,99
3707055,55
3707827,113
3701713,1037
3705079,42
3652693,79
3709685,201
3712705,2780
3693651,42
3690985,354
3691035,100
3616451,2249
3710583,153
3703789,6127
3691969,245
3693215,208
3701359,332
3695629,8104
3699601,223
3689551,852
3692747,354
3699447,113
3703213,167
3707621,149
3176397,208
3618263,303
3690013,734
3600477,2740
3706165,144
3691081,98
3639609,1106
3704625,128
3703201,741
3698629,114
3400371,1182
3697557,847
3693711,124
3691999,142
3698757,366
3691525,129
3690973,91
3706999,69
3705697,80
3701149,155
3707003,20
3707535,103
3707537,61
3705093,52
3253575,556
3693453,17
3698253,482
2671981,1465
3696121,112
3637631,17
3652433,14
3692711,215
3662731,129
3200717,47
3522751,406
3691021,166
3705001,203
3704019,240
3707027,63
3679385,397
3711225,1297
3691731,20
3704427,40
3694229,61
3692837,20
3702307,119
3585317,128
3431537,789
3695285,215
3710905,214
3707243,91
3712769,21
3625443,1353
3354209,854
3673422,2439
3693183,133
3710517,580
3512707,1022
3712143,125
3703001,119
3626567,303
1826887,5029
3707081,4
1865019,6685
3599793,806
3686910,365
3703267,148
3704907,152
3468361,27
3687171,1369
3522779,396
3705897,17
3691445,99
3695752,44
3697343,478
3452481,2955
3697807,79
3601937,829
3374057,781
3373679,1318
3708919,309
3691627,395
3700703,73
3694939,59
3700299,252
3692315,160
3698825,101
3700023,699
3698733,112
3625843,841
3705709,12
3234055,14370
3697121,308
3692753,54
3693905,20
3701489,81
3694173,135
3709551,93
3014879,1130
3701633,59
3638773,211
3475771,184
3698405,103
3696927,239
3702475,869
3702845,163
3638029,441
3710259,471
3706585,54
3405929,9519
3710233,181
3023711,1172
3361443,1005
3347253,654
3697889,102
3686427,348
3645619,803
3690835,165
3690931,88
3674887,713
3702837,381
3709673,40
3696569,1614
3706481,50
3699933,581
3707009,57
3557849,513
3698213,258
3696275,79
3690889,12
3695325,186
3706215,50
3699881,429
3699865,572
3706319,353
3692009,81
3696973,1807
3616887,82
3692057,23
3545197,237
3513743,1531
3709627,8482
3692041,24
3680513,3404
3380449,133
3292087,863
3696393,247
3698811,92
3410869,2041
3185091,2
3405683,3081
3706589,35
3699005,13
3689559,248
3705411,3412
3633401,34
3708689,875
3693209,55
3654381,178
3698519,231
3423123,168
3674341,3688
3585857,17
3695635,516
3710056,36
3699023,129
3704695,91
3625931,1762
3606071,1359
3423939,685
3482463,6015
3693541,1169
3681823,243
3558621,64
3692441,60
3698037,152
3668097,1225
3701167,203
3703749,138
3679176,3241
3605989,2748
3713291,1011
3697377,345
3697273,435
3300899,577
3661287,5011
3702671,963
3706805,6
3702853,307
3706869,15
3698865,77
3698913,146
3708897,105
3637517,2101
3712565,99
3691421,28
3693465,60
3617885,766
3693917,87
3705953,36
3405523,902
3696765,590
3700951,397
3693993,29
3700081,300
3699551,133
3695683,1757
3704951,127
3703945,303
3703151,438
3702267,384
3709621,1570
3697367,200
3700085,88
3184683,26
3692755,29
3706145,41
2457951,1308
3625273,391
3713471,3751
3221429,3319
3713651,15306
3705699,159
3706689,102
3704375,82
3697943,151
3709267,210
2566739,1898
3698673,115
3704529,16
3712667,81
2016251,726
3619015,298
3183565,909
3706395,196
3705417,203
3704491,99
3706251,161
3690597,118
3698569,79
3708407,68
3707265,16
3707339,45
3710555,91
3690601,32
3694337,2
3692757,53
2705147,772
3697355,78
3699795,50
3704629,14
3619277,16
3690551,60
3701651,62
3558309,3662
3710947,12145
3681951,88
3709817,65
3692523,6
3697485,78
3687111,154
3690145,27
3699281,172
3722173,633
3709289,267
3709769,246
3690695,49
3697153,606
3694369,38
3710221,235
2289913,44
3702097,753
3703047,1253
3704645,98
3468201,6214
3699451,208
3592041,4726
3513417,892
3602027,3665
3333749,848
3710319,264
3710123,1007
3698689,269
3712919,1838
3712881,713
3399613,754
3708437,494
3706117,26
3706211,37
3712229,333
3688327,1300
3654621,917
3712469,350
3708831,111
3712675,28
3708573,1129
3453167,1112
3525107,2164
3709285,479
3694233,162
3691153,8
3706987,639
3693583,146
3661741,1085
3529401,1828
3233987,2518
3702451,508
3710337,232
3686965,2437
3680331,216
3564995,2377
3711003,144
3706787,15
3703701,55
3703847,96
3699383,103
3698651,80
3553099,58
3704027,2259
2767585,30
3698935,130
3695329,349
3681447,1001
3703135,62
3638385,1145
3662515,1917
2482591,282
3697517,1151
3694895,33
3710387,205
3699289,92
3700291,75
3699801,190
3700839,67
3698741,61
3703145,96
3699183,144
3699253,160
3709891,508
3699025,169
3690565,30
3662795,71
3708233,28
3694833,34
3705773,58
3705767,23
3701217,213
3618291,1499
3691259,56
3712803,14757
3699717,394
3705917,166
3710739,504
3712121,196
3698605,377
3708165,89
3698755,160
3704383,92
3709847,416
3711083,1706
3693957,30
3696327,19
3721105,437
3697625,69
3687301,3989
3700055,67
3694435,4
3706655,57
3706527,128
3632395,81
3702099,283
3694463,854
3702975,1009
3707137,26
3694025,54
3557987,935
3689175,749
3575877,919
3686509,25
3647657,248
3706587,43
3626361,1740
3695569,440
3695691,129
3711421,128
3689783,2234
3233327,538
3709137,136
3646051,4857
3702285,497
3702869,1166
3712745,71
3706781,128
3691649,11
3711703,1459
3690261,89
3704573,71
3697149,80
3707287,38
3707629,395
3703595,10782
3704661,675
3711283,469
3694259,229
3707951,15
3701691,61
3552221,1766
3701661,106
3703856,45
3697233,207
3692507,41
3704521,166
3690905,73
3707837,48
3705889,124
3691817,52
3691807,134
3691715,101
3704493,65
3692377,79
3701483,176
3697285,541
3668917,373
3712523,726
3690493,1689
3522259,1256
3601939,1352
3699019,578
3706521,40
3705089,25
3333849,67
3702898,201
3693861,26
3348207,247
3705305,64
3257332,1622
3701287,644
3699421,349
3693293,57
3703921,469
3701621,169
3697131,59
3701647,59
3689969,249
3700801,82
3704079,87
3710853,432
3692287,9
3706755,16
3705881,86
3696459,362
3653583,1386
3686535,742
3690451,33
3672725,336
3577055,1783
3209069,1696
3709963,388
3693571,37
3691111,169
3705051,8
3207729,4809
3701499,279
3591833,2316
3690289,290
3712117,286
3701103,41
3702887,675
3618083,1454
3710199,117
3603871,1358
3701201,589
3638555,29
3304865,812
3600487,493
3422893,1808
3429135,6736
3400383,1483
3257935,137
3705499,55
3705211,62
3698351,63
3639497,2320
3680031,165
3705957,160
3707515,25
3016081,4155
3711177,282
3705389,74
3691269,502
3693563,32
3584295,2428
3462249,56
2211387,771
3697883,113
3700091,144
3705165,19
3704477,128
3690739,89
3690483,202
3694723,29
3696561,271
3704391,142
3712015,968
3689775,804
3691787,11
3530909,3816
3709543,773
3684177,102
3697313,409
3557977,303
3701187,67
3696177,125
3645481,762
3563471,708
3705799,46
3421875,585
3718095,151
3654311,796
3711333,238
3707871,14
3088737,8199
3706029,13
3709333,165
3645637,3073
3703685,148
3705797,146
3707881,59
3704459,139
3706619,248
3639701,101
3705911,46
3510641,1266
3704731,25
3590597,527
3700723,577
3392981,330
3698963,105
3702665,80
3700733,333
3700115,201
3719937,440
3703405,632
3704767,59
3710011,124
3137233,2268
3698319,330
3692923,88
3704765,13
3701727,154
3694965,69
3693213,187
3705805,137
3667547,9
3709485,717
3564773,900
3692345,10
3387607,1882
3498085,891
3637747,4637
3267423,2124
3571007,2535
3697049,739
3700933,49
3704867,184
3457153,1249
3691177,150
3708619,464
3707505,92
3691893,114
3690447,227
3722101,783
3693435,34
3704751,288
3712549,108
3586317,150
3638315,4903
3700649,37
3637839,51
3690263,74
3713451,2023
3592209,2320
3661935,8664
3707701,58
3697755,91
3704217,130
3704787,116
3715195,668
3704291,36
3583693,677
3692147,298
3700507,190
3706227,140
3691865,214
3707543,50
3713749,16372
3352763,10852
3696143,44
3705937,46
3233203,1121
3692297,34
3720315,26
3705619,80
2203909,1270
3693813,33
3706569,88
3705201,10
3500323,1429
3414569,863
3692651,37
3700125,48
3707345,109
3706523,101
3692457,181
3699939,320
3701731,181
3692385,19
3704591,147
3697115,80
3691295,59
3691379,333
3705771,74
3708059,38
3691189,96
3711143,378
3704611,36
3704715,48
3618459,2257
3700847,208
3691185,81
3691249,205
3346425,267
3699215,376
3700077,34
3698349,138
3710775,241
3698083,189
3695861,14
3705523,5
3617933,1016
3707079,17
3700845,53
3707391,71
3707489,11
3707557,90
3700647,40
3704655,232
3698175,81
3696106,153
3410969,64
3662413,11
3690819,33
3721441,7104
3711231,125
1160839,945
3691881,39
1063661,1937
3693525,232
2732329,875
3400393,3173
3672629,332
3698229,117
3698429,74
3708205,36
3694063,1197
3706383,97
3705663,50
3689975,83
3585863,112
3707987,33
3698551,113
3704415,176
3704777,37
2671869,13393
3707233,170
2296102,1983
3712321,107
3705377,5
3425927,140
3698345,5200
3694711,70
3638151,1152
3709569,283
3707453,253
3702417,140
3571511,1086
3708973,39
3707093,117
3691723,51
3346597,7294
3710051,197
3703061,784
3702873,440
3706713,67
3705553,8
3710019,603
3693489,50
3721243,410
3698775,345
3709019,124
3653403,572
3699355,170
3699351,55
3176585,208
3688415,71
3706473,77
3586539,2148
3701581,121
3701591,134
2548021,961
3703235,440
3710145,571
3626085,653
3709035,209
3709681,215
3700445,394
3707407,51
3709247,279
3693561,78
3717105,344
3699479,110
3694113,96
3701683,198
3605757,329
3691725,49
3707115,42
3704363,107
3690607,61
3698375,81
3712659,86
3514111,2922
3717637,117
3711397,1247
3492545,3084
3707517,37
3703485,144
3708421,78
3693441,88
3311499,4451
3694913,28
3398869,292
3708293,72
3710097,100
3694671,14
3694679,109
3700205,81
3689577,70
3701485,83
3704597,56
3146053,1110
3293279,68
3697725,171
3697023,120
3706057,60
3700743,113
3699121,74
3706093,54
2727827,3953
3711783,1016
3421917,588
3695029,23
3691769,15
3696945,750
3700459,143
3600497,1304
3711595,157
3333809,622
3705989,109
3710763,283
3667541,107
3697921,24
3694287,40
3706195,133
3710527,299
3710889,64
3679903,300
3699385,189
3653177,1839
3711495,208
3721543,5035
3698819,82
3700735,237
3703437,168
3694551,62
3704979,139
3702699,677
3693575,87
3606069,741
3710157,67
3259115,296
3699067,44
3707049,5
3702297,332
3703883,43
3316413,2414
3698957,204
3711749,208
3136473,1087
3707687,61
3691989,448
3646089,13
3702903,334
3692911,116
3687685,4009
3707365,77
3692387,26
3697381,217
3700899,27
3702805,2845
3687159,1009
3706281,526
3550511,199
3698599,74
3682109,94
3128375,2851
3512154,2138
3697833,79
3697829,581
3386125,2363
3711807,47
3706111,29
3702241,3459
3694607,81
3639959,351
3694411,74
3703983,163
3424749,239
3693257,417
3710289,63
3706519,28
3697171,431
3705707,46
3679301,2873
3712941,172
3710027,35
3696285,136
3711115,909
2977152,370
3513645,30
3703733,157
3705449,54
3695131,82
3700791,190
3700831,6
3709729,57
3699961,52
3705563,106
3661799,282
3703865,115
3653935,677
3689265,16
3706301,134
3639851,362
3696419,259
3558939,851
3586507,169
3708399,41
3429971,467
3646924,200
3524461,1898
3703963,96
3705307,65
3698445,215
3708465,61
3719259,470
3699873,392
3704993,11
3705521,164
3701743,71
3703957,25
3692153,62
3692197,58
3719251,316
3703955,19
3704197,174
3668613,1981
3701557,161
3705257,25
2980785,42
3689445,94
3697359,68
3707921,44
3699043,59
3701549,133
3452727,771
3722077,822
3168473,1178
3690515,62
3701515,119
3698227,98
3705715,130
3700749,62
3706231,42
3699465,68
3701071,120
3692239,130
3646189,1082
3705813,140
3690519,123
3706451,121
3722037,903
2690449,907
3487449,445
3708271,28
3702171,855
3428015,956
3700473,209
3711417,487
3708529,116
3704153,66
3674673,171
3708003,99
3695715,205
3512343,260
3705855,41
2465853,422
3704561,38
3706557,97
3705193,43
3704643,43
3702327,1349
3706989,76
3707899,49
3695979,257
3694623,54
3707997,2287
3689211,670
3699621,198
3694345,280
3700503,693
3705391,34
3710519,113
3617261,5588
3704947,99
3706065,105
3697225,117
3693747,69
3701127,61
3696898,1531
3707971,28
3708045,66
3701539,467
3704515,152
3691305,165
3699453,324
3706543,54
3692605,80
3704659,55
3638607,1579
3707005,20
3699343,61
3699619,44
3461877,3522
2566711,2678
3706611,224
3706421,91
2728003,5183
3668769,234
3691803,31
3696089,497
3691645,73
3632543,1306
3234443,1411
3704781,151
3638519,316
3711395,1700
3707273,38
3716055,114
3705157,67
3690481,161
3707241,263
3700981,534
3698751,92
3698259,242
3692371,65
3706769,210
3532811,4386
3686729,811
3702549,409
3707959,7
3697497,199
3708753,208
3706237,38
3711699,1594
3704747,80
3697845,313
3693193,290
3704239,64
3690943,394
3715363,199
3708307,102
3712089,188
3701805,3558
3563017,135
3711645,161
3432585,536
3711453,2012
3704681,30
3690283,105
3687103,156
3698341,66
3698045,68
2566893,320
3701273,60
3702323,83
3513823,2443
3619558,643
3585530,204
3697301,155
3708433,41
3701269,33
3453051,859
3700833,34
3702967,482
3373797,674
3697107,47
3703959,220
3706455,199
3700297,364
3698849,101
3069365,180
3708169,104
3712797,224
3700991,49
3704231,34
2988179,1002
2837763,1241
3605087,464
3710004,88
3673559,210
3698961,30
3686555,106
3644665,475
3682185,32
3703159,315
3626071,1571
3388259,842
3703349,214
3712709,255
2809551,908
3653379,1041
3710225,224
3685141,25
3686353,57
3696871,19
3696455,167
3482139,91
3708647,91
3690709,18
3618177,3268
3593835,158
3706185,21
3690237,39
3690249,41
3690925,88
3706605,31
3712303,369
3585337,1508
3706927,69
3690367,75
3712495,927
3193395,228
3713303,2120
3711427,613
3709581,8447
3652741,1953
3585933,799
3532195,165
3661487,256
3692077,21
3702151,133
3691535,189
3692839,83
3707799,111
3570109,352
3705775,35
3681915,214
3584929,236
3699001,132
3702231,189
3410571,172
3633495,29
3443519,106
3639345,402
3632935,1172
3611209,1078
3708277,45
3692997,26
3702453,3076
3709721,816
3711047,320
3705581,212
3704215,62
3697311,1263
3708387,47
3699165,253
3699457,141
3703559,42
3707635,334
3707641,314
3702949,648
3699399,139
3690173,368
3687099,161
3697037,2138
3659969,834
3592125,2529
3618379,112
3706413,37
3697239,105
3704943,29
3334933,7155
3618147,493
3533107,973
3710485,108
3697765,1044
3708199,65
3716255,76
3692687,295
3706265,27
3234017,1840
3707189,75
3604611,1801
3705423,287
3707533,219
3702957,203
3698453,28
3706749,32
3710619,210
3704121,58
3697425,292
3703783,46
3571439,2319
3701003,101
